Epoch: 0_100, Discriminator_A :: Loss: 0.5, Generator :: Loss: [4.5796385, 0.0, 7.9309524e-05, 0.20994078, 0.14575222, 0.41402972, 0.6085998]
Epoch: 0_200, Discriminator_A :: Loss: 0.5, Generator :: Loss: [7.5303583, 1.0, 2.3736038e-05, 0.23533282, 0.22905403, 0.7297818, 1.1566842]
Epoch: 0_300, Discriminator_A :: Loss: 0.5, Generator :: Loss: [5.804762, 1.0, 0.0, 0.20769759, 0.15706852, 0.47012642, 0.6869739]
Epoch: 0_400, Discriminator_A :: Loss: 0.5, Generator :: Loss: [4.579986, 1.0, 0.0, 0.21668297, 0.091934904, 0.3565535, 0.13725387]
Epoch: 0_500, Discriminator_A :: Loss: 0.5, Generator :: Loss: [4.1819205, 1.0, 9.254805e-09, 0.15687615, 0.11451598, 0.14161679, 0.32638258]
Epoch: 0_600, Discriminator_A :: Loss: 0.5, Generator :: Loss: [3.4891443, 1.0, 0.0, 0.09109781, 0.11893636, 0.1899165, 0.19888583]
Epoch: 0_700, Discriminator_A :: Loss: 0.5, Generator :: Loss: [2.687781, 1.0, 0.0, 0.07682459, 0.062986165, 0.15926225, 0.13041149]
Epoch: 0_800, Discriminator_A :: Loss: 0.5, Generator :: Loss: [2.6603498, 1.0, 0.0, 0.0613285, 0.07253146, 0.17709064, 0.1446594]
Epoch: 0_900, Discriminator_A :: Loss: 0.5, Generator :: Loss: [3.5122662, 1.0, 0.0, 0.116720125, 0.09565616, 0.20099786, 0.1875055]
Epoch: 1_100, Discriminator_A :: Loss: 0.5, Generator :: Loss: [2.4859426, 1.0, 0.0, 0.050585836, 0.07161215, 0.11083588, 0.15312693]
Epoch: 1_200, Discriminator_A :: Loss: 0.5, Generator :: Loss: [2.8730035, 0.0, 1.0, 0.092744336, 0.06486954, 0.13777883, 0.15908599]
Epoch: 1_300, Discriminator_A :: Loss: 0.5, Generator :: Loss: [2.3642747, 1.0, 0.004019375, 0.076068595, 0.041065715, 0.09956153, 0.089350685]
Epoch: 1_400, Discriminator_A :: Loss: 0.5, Generator :: Loss: [2.8274374, 1.0, 0.0, 0.067013174, 0.09924851, 0.075509444, 0.089311235]
Epoch: 1_500, Discriminator_A :: Loss: 0.5, Generator :: Loss: [2.644433, 1.0, 0.0, 0.08485739, 0.058310702, 0.12163709, 0.09111488]
Epoch: 1_600, Discriminator_A :: Loss: 0.5, Generator :: Loss: [2.379715, 1.0, 0.0, 0.064690694, 0.055917203, 0.09224068, 0.08139537]
Epoch: 1_700, Discriminator_A :: Loss: 0.5, Generator :: Loss: [2.318102, 1.0, 0.0, 0.070678174, 0.04188646, 0.107423976, 0.08503146]
Epoch: 1_800, Discriminator_A :: Loss: 0.5, Generator :: Loss: [2.223998, 1.0, 0.0, 0.058224745, 0.046138935, 0.08977869, 0.09058265]
Epoch: 1_900, Discriminator_A :: Loss: 0.5, Generator :: Loss: [2.260163, 1.0, 0.0, 0.055009075, 0.05449619, 0.08127155, 0.083838776]
Epoch: 2_100, Discriminator_A :: Loss: 0.5, Generator :: Loss: [2.7102537, 1.0, 0.0, 0.04382913, 0.10232876, 0.07930447, 0.1693705]
Epoch: 2_200, Discriminator_A :: Loss: 0.5, Generator :: Loss: [1.7583528, 0.0, 0.0, 0.073421985, 0.08029351, 0.110753365, 0.11044439]
Epoch: 2_300, Discriminator_A :: Loss: 0.5, Generator :: Loss: [3.903648, 1.0, 0.0, 0.11972551, 0.10846718, 0.26878053, 0.35294062]
Epoch: 2_400, Discriminator_A :: Loss: 0.5, Generator :: Loss: [3.1180146, 1.0, 0.020672943, 0.09409045, 0.08095138, 0.14607313, 0.20085032]
Epoch: 2_500, Discriminator_A :: Loss: 0.5, Generator :: Loss: [3.453433, 1.0, 1.0, 0.07695066, 0.049408577, 0.110111296, 0.07972934]
Epoch: 2_600, Discriminator_A :: Loss: 0.5, Generator :: Loss: [4.1092067, 1.0, 1.0, 0.12403535, 0.06641993, 0.10002205, 0.104631744]
Epoch: 2_700, Discriminator_A :: Loss: 0.5, Generator :: Loss: [2.3203173, 1.0, 0.0, 0.029964438, 0.07736385, 0.108543046, 0.13849133]
Epoch: 2_800, Discriminator_A :: Loss: 0.5, Generator :: Loss: [2.9087195, 1.0, 0.0, 0.10826717, 0.055089943, 0.18027587, 0.094872445]
Epoch: 2_900, Discriminator_A :: Loss: 0.5, Generator :: Loss: [2.5489058, 1.0, 0.0, 0.077683166, 0.054340646, 0.16893628, 0.059731506]
Epoch: 3_100, Discriminator_A :: Loss: 0.5, Generator :: Loss: [2.46687, 1.0, 0.0, 0.07083771, 0.054016277, 0.1435174, 0.07481265]
Epoch: 3_200, Discriminator_A :: Loss: 0.5, Generator :: Loss: [3.4603736, 1.0, 0.0, 0.10879201, 0.104359575, 0.1689826, 0.1598751]
Epoch: 3_300, Discriminator_A :: Loss: 0.5, Generator :: Loss: [2.3879154, 1.0, 0.0, 0.03626646, 0.08659363, 0.060716286, 0.09859799]
Epoch: 3_400, Discriminator_A :: Loss: 0.5, Generator :: Loss: [2.244236, 1.0, 0.0, 0.06742635, 0.034108996, 0.15178752, 0.07709515]
Epoch: 3_500, Discriminator_A :: Loss: 0.5, Generator :: Loss: [2.465298, 1.0, 0.0, 0.06284393, 0.059129935, 0.13866974, 0.106889576]
Epoch: 3_600, Discriminator_A :: Loss: 0.5, Generator :: Loss: [2.3520727, 1.0, 0.0, 0.056924563, 0.05358118, 0.14944187, 0.09757349]
Epoch: 3_700, Discriminator_A :: Loss: 0.5, Generator :: Loss: [2.1593573, 1.0, 0.0, 0.036819384, 0.054015823, 0.10419033, 0.14681475]
Epoch: 3_800, Discriminator_A :: Loss: 0.5, Generator :: Loss: [2.5195208, 1.0, 0.0, 0.06530383, 0.06658064, 0.10186492, 0.0988111]
Epoch: 3_900, Discriminator_A :: Loss: 0.5, Generator :: Loss: [2.1667247, 0.0, 1.0, 0.059200116, 0.03922656, 0.09816049, 0.084297374]
Epoch: 4_100, Discriminator_A :: Loss: 1.0, Generator :: Loss: [2.1958141, 1.0, 0.0, 0.041951135, 0.054860488, 0.12098639, 0.106711715]
Epoch: 4_200, Discriminator_A :: Loss: 0.5, Generator :: Loss: [3.5962422, 1.0, 1.0, 0.0668808, 0.062278397, 0.19437686, 0.11027346]
Epoch: 4_300, Discriminator_A :: Loss: 0.5, Generator :: Loss: [1.1880898, 0.0, 0.0, 0.042248968, 0.056581236, 0.106418595, 0.09336929]
Epoch: 4_400, Discriminator_A :: Loss: 0.5, Generator :: Loss: [1.9575346, 0.0, 0.0, 0.08052859, 0.08762741, 0.12129627, 0.1546782]
Epoch: 4_500, Discriminator_A :: Loss: 0.5, Generator :: Loss: [3.6906974, 1.0, 1.0, 0.07850297, 0.062412046, 0.123879716, 0.15766759]
Epoch: 4_600, Discriminator_A :: Loss: 0.5, Generator :: Loss: [1.3879471, 0.0, 0.0, 0.052777402, 0.06356484, 0.08806933, 0.13645536]
Epoch: 4_700, Discriminator_A :: Loss: 0.5, Generator :: Loss: [2.8884225, 0.0, 1.0, 0.083399504, 0.08004279, 0.09219514, 0.16180453]
Epoch: 4_800, Discriminator_A :: Loss: 0.5, Generator :: Loss: [3.402674, 0.0, 1.0, 0.1125841, 0.090185724, 0.1932646, 0.18171103]
Epoch: 4_900, Discriminator_A :: Loss: 0.5, Generator :: Loss: [1.3212231, 0.0, 0.0, 0.062261775, 0.05761613, 0.067700446, 0.054743666]
Epoch: 5_100, Discriminator_A :: Loss: 0.5, Generator :: Loss: [1.2208794, 0.0, 0.0, 0.06846163, 0.036247514, 0.08099573, 0.09279229]
Epoch: 5_200, Discriminator_A :: Loss: 0.5, Generator :: Loss: [1.0416615, 0.0, 0.0, 0.044553485, 0.04538177, 0.05424914, 0.08805983]
Epoch: 5_300, Discriminator_A :: Loss: 0.5, Generator :: Loss: [1.1368127, 0.0, 0.0, 0.042232834, 0.057496198, 0.06294267, 0.07657972]
Epoch: 5_400, Discriminator_A :: Loss: 0.5, Generator :: Loss: [1.0076946, 0.0, 0.0, 0.04292908, 0.0413562, 0.07795963, 0.0868821]
Epoch: 5_500, Discriminator_A :: Loss: 0.5, Generator :: Loss: [1.1145577, 0.0, 0.0, 0.06039147, 0.03542903, 0.06382267, 0.09253004]
Epoch: 5_600, Discriminator_A :: Loss: 0.5, Generator :: Loss: [1.16514, 0.0, 0.0, 0.0717071, 0.031163486, 0.07591815, 0.060515955]
Epoch: 5_700, Discriminator_A :: Loss: 0.5, Generator :: Loss: [0.9511702, 0.0, 0.0, 0.041523516, 0.04066596, 0.055291213, 0.07398422]
Epoch: 5_800, Discriminator_A :: Loss: 0.5, Generator :: Loss: [0.82996076, 0.0, 0.0, 0.034270436, 0.03622146, 0.046670794, 0.078371]
Epoch: 5_900, Discriminator_A :: Loss: 0.5, Generator :: Loss: [1.2191885, 0.0, 0.0, 0.07152924, 0.028292758, 0.12626056, 0.09470794]
Epoch: 6_100, Discriminator_A :: Loss: 0.5, Generator :: Loss: [1.1495072, 0.0, 0.0, 0.05896999, 0.04078296, 0.06743749, 0.08454025]
Epoch: 6_200, Discriminator_A :: Loss: 0.5, Generator :: Loss: [1.0148633, 0.0, 0.0, 0.04652465, 0.038132586, 0.083008334, 0.08528259]
Epoch: 6_300, Discriminator_A :: Loss: 0.5, Generator :: Loss: [0.73956954, 0.0, 0.0, 0.033806197, 0.026533868, 0.06999566, 0.066173196]
Epoch: 6_400, Discriminator_A :: Loss: 0.5, Generator :: Loss: [0.82088524, 0.0, 0.0, 0.04026643, 0.0296872, 0.07772724, 0.04362172]
Epoch: 6_500, Discriminator_A :: Loss: 0.5, Generator :: Loss: [0.83071226, 0.0, 0.0, 0.03654925, 0.035448484, 0.05007169, 0.060663156]
Epoch: 6_600, Discriminator_A :: Loss: 0.5, Generator :: Loss: [2.8561463, 1.0, 1.0, 0.03811305, 0.035860665, 0.06393511, 0.05247435]
Epoch: 6_700, Discriminator_A :: Loss: 0.5, Generator :: Loss: [0.61364675, 0.0, 0.0, 0.030114869, 0.02158074, 0.0560603, 0.04063034]
Epoch: 6_800, Discriminator_A :: Loss: 0.5, Generator :: Loss: [0.94948363, 0.0, 0.0, 0.03394954, 0.046919934, 0.062462546, 0.07832635]
Epoch: 6_900, Discriminator_A :: Loss: 0.5, Generator :: Loss: [0.7285301, 0.0, 0.0, 0.037067447, 0.02587473, 0.062441226, 0.036667097]
Epoch: 7_100, Discriminator_A :: Loss: 0.5, Generator :: Loss: [1.38097, 0.0, 0.0, 0.06646912, 0.053170804, 0.100649975, 0.08392082]
Epoch: 7_200, Discriminator_A :: Loss: 0.5, Generator :: Loss: [1.3293276, 0.0, 0.0, 0.061521463, 0.049428046, 0.077709384, 0.14212292]
Epoch: 7_300, Discriminator_A :: Loss: 0.5, Generator :: Loss: [0.694411, 0.0, 0.0, 0.03105855, 0.025789697, 0.07249443, 0.053434063]
Epoch: 7_400, Discriminator_A :: Loss: 0.5, Generator :: Loss: [3.1575987, 1.0, 1.0, 0.06154504, 0.04084419, 0.08912753, 0.04457879]
Epoch: 7_500, Discriminator_A :: Loss: 0.5, Generator :: Loss: [0.7920568, 0.0, 0.0, 0.04419118, 0.023115352, 0.078312084, 0.040679377]
Epoch: 7_600, Discriminator_A :: Loss: 0.5, Generator :: Loss: [1.3917778, 0.0, 0.0, 0.072364524, 0.04899073, 0.10945162, 0.06877364]
Epoch: 7_700, Discriminator_A :: Loss: 0.5, Generator :: Loss: [0.76144147, 0.0, 0.0, 0.039836228, 0.025417201, 0.0712744, 0.03763277]
Epoch: 7_800, Discriminator_A :: Loss: 0.5, Generator :: Loss: [0.7559026, 0.0, 0.0, 0.032870814, 0.027862377, 0.09928582, 0.04928486]
Epoch: 7_900, Discriminator_A :: Loss: 0.5, Generator :: Loss: [3.0434752, 1.0, 1.0, 0.059799917, 0.027128978, 0.13029918, 0.04388713]
Epoch: 8_100, Discriminator_A :: Loss: 0.5, Generator :: Loss: [1.0679517, 0.0, 0.0, 0.045118142, 0.045336135, 0.09489901, 0.068509996]
Epoch: 8_200, Discriminator_A :: Loss: 0.5, Generator :: Loss: [0.78835166, 0.0, 0.0, 0.04481948, 0.022608288, 0.07495225, 0.039121736]
Epoch: 8_300, Discriminator_A :: Loss: 0.5, Generator :: Loss: [0.9664546, 0.0, 0.0, 0.048582383, 0.03300037, 0.10022319, 0.05040397]
Epoch: 8_400, Discriminator_A :: Loss: 0.5, Generator :: Loss: [1.9170535, 0.0, 0.0, 0.12129447, 0.05909314, 0.04598041, 0.067196816]
Epoch: 8_500, Discriminator_A :: Loss: 0.5, Generator :: Loss: [2.9103987, 1.0, 1.0, 0.039931253, 0.038579978, 0.075325586, 0.049960855]
Epoch: 8_600, Discriminator_A :: Loss: 0.5, Generator :: Loss: [2.8876092, 1.0, 1.0, 0.034052327, 0.042066693, 0.062453967, 0.06396512]
Epoch: 8_700, Discriminator_A :: Loss: 0.5, Generator :: Loss: [0.8368275, 0.0, 0.0, 0.04072567, 0.030041572, 0.0697097, 0.05944532]
Epoch: 8_800, Discriminator_A :: Loss: 0.5, Generator :: Loss: [3.2512488, 1.0, 1.0, 0.04817117, 0.052321322, 0.15661561, 0.089708254]
Epoch: 8_900, Discriminator_A :: Loss: 0.5, Generator :: Loss: [0.70100653, 0.0, 0.0, 0.021996846, 0.036160946, 0.052428603, 0.06700003]
Epoch: 9_100, Discriminator_A :: Loss: 0.5, Generator :: Loss: [1.2143581, 0.0, 0.0, 0.034998097, 0.0701221, 0.053550325, 0.10960579]
Epoch: 9_200, Discriminator_A :: Loss: 0.5, Generator :: Loss: [0.9804046, 0.0, 0.0, 0.056749005, 0.029330432, 0.081164, 0.03844625]
Epoch: 9_300, Discriminator_A :: Loss: 0.5, Generator :: Loss: [0.60537136, 0.0, 0.0, 0.03656304, 0.016338207, 0.050310034, 0.026048914]
Epoch: 9_400, Discriminator_A :: Loss: 0.5, Generator :: Loss: [0.71560454, 0.0, 0.0, 0.04033853, 0.022943519, 0.06014719, 0.022636898]
Epoch: 9_500, Discriminator_A :: Loss: 0.5, Generator :: Loss: [0.92962074, 0.0, 0.0, 0.049217045, 0.03123375, 0.09895763, 0.026155118]
Epoch: 9_600, Discriminator_A :: Loss: 0.5, Generator :: Loss: [0.695269, 0.0, 0.0, 0.03984343, 0.02025353, 0.06184689, 0.0324525]
Epoch: 9_700, Discriminator_A :: Loss: 0.5, Generator :: Loss: [0.6755765, 0.0, 0.0, 0.033102304, 0.025248088, 0.04796669, 0.04410596]
Epoch: 9_800, Discriminator_A :: Loss: 0.5, Generator :: Loss: [0.8186432, 0.0, 0.0, 0.043631535, 0.025711315, 0.05549831, 0.069716424]
Epoch: 9_900, Discriminator_A :: Loss: 0.5, Generator :: Loss: [0.9692308, 0.0, 0.0, 0.046945073, 0.03430982, 0.0714468, 0.08523509]
Epoch: 10_100, Discriminator_A :: Loss: 0.5, Generator :: Loss: [0.87586427, 0.0, 0.0, 0.042279035, 0.027551778, 0.1192193, 0.058336876]
Epoch: 10_200, Discriminator_A :: Loss: 0.5, Generator :: Loss: [3.0017726, 1.0, 1.0, 0.04406877, 0.03562751, 0.12933567, 0.07547418]
Epoch: 10_300, Discriminator_A :: Loss: 0.5, Generator :: Loss: [1.4180678, 0.0, 0.0, 0.057941407, 0.05206559, 0.18097705, 0.1370207]
Epoch: 10_400, Discriminator_A :: Loss: 0.5, Generator :: Loss: [1.2423253, 0.0, 0.0, 0.067289725, 0.030782815, 0.20755067, 0.054049283]
Epoch: 10_500, Discriminator_A :: Loss: 0.5, Generator :: Loss: [0.6932585, 0.0, 0.0, 0.033316188, 0.023227269, 0.0731125, 0.05471148]
Epoch: 10_600, Discriminator_A :: Loss: 0.5, Generator :: Loss: [0.70615095, 0.0, 0.0, 0.024783153, 0.034533124, 0.05389244, 0.059095733]
Epoch: 10_700, Discriminator_A :: Loss: 0.5, Generator :: Loss: [0.6968253, 0.0, 0.0, 0.025069645, 0.031935055, 0.055543736, 0.0712346]
Epoch: 10_800, Discriminator_A :: Loss: 0.5, Generator :: Loss: [2.775616, 1.0, 1.0, 0.038218364, 0.026392523, 0.07805951, 0.051447734]
Epoch: 10_900, Discriminator_A :: Loss: 0.5, Generator :: Loss: [1.169096, 0.0, 0.0, 0.050144516, 0.048428994, 0.10851742, 0.07484339]
Epoch: 11_100, Discriminator_A :: Loss: 0.5, Generator :: Loss: [1.2751267, 0.0, 0.0, 0.030137619, 0.07493054, 0.10006272, 0.12438243]
Epoch: 11_200, Discriminator_A :: Loss: 0.5, Generator :: Loss: [2.7881577, 1.0, 1.0, 0.029531548, 0.031564534, 0.10902187, 0.06817487]
Epoch: 11_300, Discriminator_A :: Loss: 0.5, Generator :: Loss: [0.8459586, 0.0, 0.0, 0.02166587, 0.046241697, 0.09086116, 0.07602178]
Epoch: 11_400, Discriminator_A :: Loss: 0.5, Generator :: Loss: [0.80865026, 0.0, 0.0, 0.023455791, 0.0408514, 0.08842731, 0.07715103]
Epoch: 11_500, Discriminator_A :: Loss: 0.5, Generator :: Loss: [0.7764234, 0.0, 0.0, 0.042386018, 0.022562858, 0.071570665, 0.05536395]
Epoch: 11_600, Discriminator_A :: Loss: 0.5, Generator :: Loss: [0.85685253, 0.0, 0.0, 0.048953343, 0.02253535, 0.0946504, 0.04731527]
Epoch: 11_700, Discriminator_A :: Loss: 0.5, Generator :: Loss: [1.0898445, 0.0, 0.0, 0.046376336, 0.047521263, 0.073924035, 0.07694443]
Epoch: 11_800, Discriminator_A :: Loss: 0.5, Generator :: Loss: [0.90896153, 0.0, 0.0, 0.051268682, 0.0256419, 0.08185398, 0.05800169]
Epoch: 11_900, Discriminator_A :: Loss: 0.5, Generator :: Loss: [1.0332835, 0.0, 0.0, 0.030187132, 0.055432074, 0.061074905, 0.116016455]
Epoch: 12_100, Discriminator_A :: Loss: 0.5, Generator :: Loss: [0.79581666, 0.0, 0.0, 0.03324542, 0.024316255, 0.079804145, 0.1403958]
Epoch: 12_200, Discriminator_A :: Loss: 0.5, Generator :: Loss: [1.1065285, 0.0, 0.0, 0.056463774, 0.037642747, 0.06425853, 0.10120474]
Epoch: 12_300, Discriminator_A :: Loss: 0.5, Generator :: Loss: [0.68183726, 0.0, 1.4210855e-14, 0.025073688, 0.031711902, 0.042832565, 0.07114875]
Epoch: 12_400, Discriminator_A :: Loss: 0.5, Generator :: Loss: [0.9234566, 0.0, 0.0, 0.04793775, 0.029748773, 0.07707116, 0.06952015]
Epoch: 12_500, Discriminator_A :: Loss: 0.5, Generator :: Loss: [2.50364, 1.0, 1.0, 0.02086944, 0.021500902, 0.038142055, 0.041794654]
Epoch: 12_600, Discriminator_A :: Loss: 0.5, Generator :: Loss: [0.5710311, 0.0, 0.0, 0.025458328, 0.021626543, 0.042916093, 0.057266247]
Epoch: 12_700, Discriminator_A :: Loss: 0.5, Generator :: Loss: [0.9698527, 0.0, 0.0, 0.0535995, 0.032883685, 0.053557567, 0.051463265]
Epoch: 12_800, Discriminator_A :: Loss: 0.5, Generator :: Loss: [0.76188517, 0.0, 0.0, 0.04222297, 0.022700451, 0.063858494, 0.048792414]
Epoch: 12_900, Discriminator_A :: Loss: 0.5, Generator :: Loss: [0.5331138, 0.0, 0.0, 0.028341621, 0.017367374, 0.043490328, 0.032533452]
Epoch: 13_100, Discriminator_A :: Loss: 0.5, Generator :: Loss: [0.59175134, 0.0, 0.0, 0.030531354, 0.01957706, 0.052488297, 0.0381789]
Epoch: 13_200, Discriminator_A :: Loss: 0.5, Generator :: Loss: [0.7268472, 0.0, 0.0, 0.013297042, 0.047201525, 0.031853884, 0.09000754]
Epoch: 13_300, Discriminator_A :: Loss: 0.5, Generator :: Loss: [0.5774154, 0.0, 0.0, 0.023717891, 0.023801232, 0.041813135, 0.060411043]
Epoch: 13_400, Discriminator_A :: Loss: 0.5, Generator :: Loss: [0.42599803, 0.0, 0.0, 0.013792777, 0.021989146, 0.029805636, 0.038373157]
Epoch: 13_500, Discriminator_A :: Loss: 0.5, Generator :: Loss: [0.59158504, 0.0, 0.0, 0.030673843, 0.019265328, 0.051740795, 0.04045254]
Epoch: 13_600, Discriminator_A :: Loss: 0.5, Generator :: Loss: [0.52179074, 0.0, 0.0, 0.021207545, 0.024358034, 0.028009072, 0.03812588]
Epoch: 13_700, Discriminator_A :: Loss: 0.5, Generator :: Loss: [0.4477468, 0.0, 0.0, 0.021844395, 0.016310379, 0.03557676, 0.030622315]
Epoch: 13_800, Discriminator_A :: Loss: 0.5, Generator :: Loss: [0.55857795, 0.0, 0.0, 0.03198304, 0.016161775, 0.051478494, 0.025651295]
Epoch: 13_900, Discriminator_A :: Loss: 0.5, Generator :: Loss: [2.5946374, 1.0, 1.0, 0.025982218, 0.024369799, 0.04346838, 0.047648862]
Epoch: 14_100, Discriminator_A :: Loss: 0.5, Generator :: Loss: [0.5846609, 0.0, 0.0, 0.033943735, 0.01730544, 0.04891958, 0.02324954]
Epoch: 14_200, Discriminator_A :: Loss: 0.5, Generator :: Loss: [0.52366304, 0.0, 0.0, 0.031324994, 0.014344661, 0.042135566, 0.024830919]
Epoch: 14_300, Discriminator_A :: Loss: 0.5, Generator :: Loss: [0.6180894, 0.0, 0.0, 0.027205199, 0.025808552, 0.040066995, 0.04788484]
Epoch: 14_400, Discriminator_A :: Loss: 0.5, Generator :: Loss: [0.46581215, 0.0, 0.0, 0.010824161, 0.029272104, 0.032877658, 0.031971857]
Epoch: 14_500, Discriminator_A :: Loss: 0.5, Generator :: Loss: [0.3347479, 0.0, 0.0, 0.015484541, 0.012887355, 0.025965841, 0.025063124]
Epoch: 14_600, Discriminator_A :: Loss: 0.5, Generator :: Loss: [0.6776639, 0.0, 0.0, 0.04288055, 0.014785536, 0.06987559, 0.031127471]
Epoch: 14_700, Discriminator_A :: Loss: 0.5, Generator :: Loss: [0.5370619, 0.0, 0.0, 0.027368437, 0.019256633, 0.029431961, 0.041379265]
Epoch: 14_800, Discriminator_A :: Loss: 0.5, Generator :: Loss: [0.6530581, 0.0, 0.0, 0.030649781, 0.024486126, 0.045425996, 0.05627302]
Epoch: 14_900, Discriminator_A :: Loss: 0.5, Generator :: Loss: [2.450108, 1.0, 1.0, 0.023734434, 0.014482658, 0.035691477, 0.032245666]
Epoch: 15_100, Discriminator_A :: Loss: 0.5, Generator :: Loss: [0.41950896, 0.0, 0.0, 0.02364561, 0.011285628, 0.042785786, 0.027410802]
Epoch: 15_200, Discriminator_A :: Loss: 0.5, Generator :: Loss: [0.52488405, 0.0, 0.0, 0.027415305, 0.01582898, 0.048209883, 0.044231348]
Epoch: 15_300, Discriminator_A :: Loss: 0.5, Generator :: Loss: [0.44779694, 0.0, 0.0, 0.020209964, 0.017299043, 0.029848032, 0.04285885]
Epoch: 15_400, Discriminator_A :: Loss: 0.5, Generator :: Loss: [0.42694312, 0.0, 0.0, 0.01809799, 0.01688898, 0.040732846, 0.03634061]
Epoch: 15_500, Discriminator_A :: Loss: 0.5, Generator :: Loss: [0.53111464, 0.0, 0.0, 0.02696219, 0.017657747, 0.044973392, 0.039941862]
Epoch: 15_600, Discriminator_A :: Loss: 0.5, Generator :: Loss: [0.57744247, 0.0, 0.0, 0.031716067, 0.017542828, 0.05458072, 0.030272763]
Epoch: 15_700, Discriminator_A :: Loss: 0.5, Generator :: Loss: [0.41660875, 0.0, 0.0, 0.01905749, 0.015715599, 0.035401486, 0.03347637]
Epoch: 15_800, Discriminator_A :: Loss: 0.5, Generator :: Loss: [0.69531584, 0.0, 0.0, 0.045651697, 0.014019069, 0.057988122, 0.04062003]
Epoch: 15_900, Discriminator_A :: Loss: 0.5, Generator :: Loss: [0.64155746, 0.0, 0.0, 0.034588672, 0.020532683, 0.04664513, 0.043698847]
Epoch: 16_100, Discriminator_A :: Loss: 0.5, Generator :: Loss: [0.5201279, 0.0, 0.0, 0.027142758, 0.016697172, 0.04698488, 0.034743734]
Epoch: 16_200, Discriminator_A :: Loss: 0.5, Generator :: Loss: [0.49470848, 0.0, 0.0, 0.02443863, 0.016856503, 0.043088235, 0.0386689]
Epoch: 16_300, Discriminator_A :: Loss: 0.5, Generator :: Loss: [0.41232228, 0.0, 0.0, 0.0219181, 0.012261976, 0.03713176, 0.033389784]
Epoch: 16_400, Discriminator_A :: Loss: 0.5, Generator :: Loss: [0.64076495, 0.0, 0.0, 0.016522452, 0.03796846, 0.030512083, 0.06534374]
Epoch: 16_500, Discriminator_A :: Loss: 0.5, Generator :: Loss: [0.2903262, 0.0, 0.0, 0.013710454, 0.009002617, 0.029263735, 0.033931755]
Epoch: 16_600, Discriminator_A :: Loss: 0.5, Generator :: Loss: [0.40931484, 0.0, 0.0, 0.013430028, 0.021252187, 0.022512605, 0.039980084]
Epoch: 16_700, Discriminator_A :: Loss: 0.5, Generator :: Loss: [0.5038596, 0.0, 0.0, 0.023711517, 0.0181726, 0.037705828, 0.047312584]
Epoch: 16_800, Discriminator_A :: Loss: 0.5, Generator :: Loss: [0.39583007, 0.0, 0.0, 0.018090151, 0.014771109, 0.032549836, 0.03466761]
Epoch: 16_900, Discriminator_A :: Loss: 0.5, Generator :: Loss: [0.2530833, 0.0, 0.0, 0.011839569, 0.008569382, 0.02708884, 0.021904955]
Epoch: 17_100, Discriminator_A :: Loss: 0.5, Generator :: Loss: [0.44724447, 0.0, 0.0, 0.024257319, 0.01357219, 0.038820192, 0.03012918]
Epoch: 17_200, Discriminator_A :: Loss: 0.5, Generator :: Loss: [0.38035238, 0.0, 0.0, 0.015713442, 0.016986366, 0.018781787, 0.034572512]
Epoch: 17_300, Discriminator_A :: Loss: 0.5, Generator :: Loss: [2.4374108, 1.0, 1.0, 0.017338693, 0.019826815, 0.030035198, 0.03572034]
Epoch: 17_400, Discriminator_A :: Loss: 0.5, Generator :: Loss: [0.61944216, 0.0, 0.0, 0.029335711, 0.023751862, 0.042260576, 0.04630584]
Epoch: 17_500, Discriminator_A :: Loss: 0.5, Generator :: Loss: [0.46084636, 0.0, 0.0, 0.02073786, 0.019219544, 0.028947346, 0.032324977]
Epoch: 17_600, Discriminator_A :: Loss: 0.5, Generator :: Loss: [0.37260598, 0.0, 0.0, 0.014007617, 0.016690928, 0.026257249, 0.03936329]
Epoch: 17_700, Discriminator_A :: Loss: 0.5, Generator :: Loss: [0.38934508, 0.0, 0.0, 0.024578402, 0.0090740435, 0.03287417, 0.019946458]
Epoch: 17_800, Discriminator_A :: Loss: 0.5, Generator :: Loss: [0.33015114, 0.0, 0.0, 0.016918905, 0.011285031, 0.028462648, 0.019649154]
Epoch: 17_900, Discriminator_A :: Loss: 0.5, Generator :: Loss: [0.46814284, 0.0, 0.0, 0.023707964, 0.017180808, 0.02235888, 0.03689625]
Epoch: 18_100, Discriminator_A :: Loss: 0.5, Generator :: Loss: [0.34251553, 0.0, 0.0, 0.020295858, 0.008252732, 0.035005476, 0.02202412]
Epoch: 18_200, Discriminator_A :: Loss: 0.5, Generator :: Loss: [0.3238999, 0.0, 0.0, 0.016302003, 0.01075224, 0.030638397, 0.022719068]
Epoch: 18_300, Discriminator_A :: Loss: 0.5, Generator :: Loss: [0.43740603, 0.0, 0.0, 0.027711442, 0.009960285, 0.040338553, 0.02035021]
Epoch: 18_400, Discriminator_A :: Loss: 0.5, Generator :: Loss: [0.43397787, 0.0, 0.0, 0.019373344, 0.017578334, 0.029498465, 0.034962617]
Epoch: 18_500, Discriminator_A :: Loss: 0.5, Generator :: Loss: [0.38081673, 0.0, 0.0, 0.019801952, 0.012471143, 0.035143986, 0.022941794]
Epoch: 18_600, Discriminator_A :: Loss: 0.5, Generator :: Loss: [2.2763798, 1.0, 1.0, 0.009095985, 0.013928885, 0.018193748, 0.02793733]
Epoch: 18_700, Discriminator_A :: Loss: 0.5, Generator :: Loss: [0.5810165, 0.0, 0.0, 0.027368294, 0.022880351, 0.030504595, 0.048025426]
Epoch: 18_800, Discriminator_A :: Loss: 0.5, Generator :: Loss: [0.409167, 0.0, 0.0, 0.02054439, 0.014671789, 0.03564085, 0.021364387]
Epoch: 18_900, Discriminator_A :: Loss: 0.5, Generator :: Loss: [0.45952314, 0.0, 0.0, 0.023871312, 0.014719294, 0.03977725, 0.033839848]
Epoch: 19_100, Discriminator_A :: Loss: 0.5, Generator :: Loss: [0.391413, 0.0, 0.0, 0.02524721, 0.00848405, 0.041036516, 0.013063875]
Epoch: 19_200, Discriminator_A :: Loss: 0.5, Generator :: Loss: [0.39108148, 0.0, 0.0, 0.022990482, 0.010169439, 0.036625076, 0.02285719]
Epoch: 19_300, Discriminator_A :: Loss: 0.5, Generator :: Loss: [0.31800345, 0.0, 0.0, 0.013858746, 0.013688436, 0.019209404, 0.023322228]
Epoch: 19_400, Discriminator_A :: Loss: 0.5, Generator :: Loss: [0.44313604, 0.0, 0.0, 0.013665426, 0.024524925, 0.01895637, 0.04227614]
Epoch: 19_500, Discriminator_A :: Loss: 0.5, Generator :: Loss: [0.35808915, 0.0, 0.0, 0.016780026, 0.013313616, 0.025891336, 0.031261407]
Epoch: 19_600, Discriminator_A :: Loss: 0.5, Generator :: Loss: [0.385562, 0.0, 0.0, 0.019765906, 0.013475067, 0.026605511, 0.026546732]
Epoch: 19_700, Discriminator_A :: Loss: 0.5, Generator :: Loss: [0.38135907, 0.0, 0.0, 0.016742203, 0.01565975, 0.021640027, 0.03569951]
Epoch: 19_800, Discriminator_A :: Loss: 0.5, Generator :: Loss: [0.40245044, 0.0, 0.0, 0.019121025, 0.014830459, 0.0291684, 0.033767216]
Epoch: 19_900, Discriminator_A :: Loss: 0.5, Generator :: Loss: [0.34500474, 0.0, 0.0, 0.016539324, 0.013207231, 0.02385388, 0.023685347]
Epoch: 20_100, Discriminator_A :: Loss: 0.5, Generator :: Loss: [0.34830904, 0.0, 0.0, 0.019392967, 0.010059873, 0.031714223, 0.022066426]
Epoch: 20_200, Discriminator_A :: Loss: 0.5, Generator :: Loss: [0.5123506, 0.0, 0.0, 0.029699929, 0.015761599, 0.032489434, 0.025245912]
Epoch: 20_300, Discriminator_A :: Loss: 0.5, Generator :: Loss: [0.4950784, 0.0, 0.0, 0.033064276, 0.008540625, 0.057432786, 0.021596637]
Epoch: 20_400, Discriminator_A :: Loss: 0.5, Generator :: Loss: [0.21102133, 0.0, 0.0, 0.0088737495, 0.0089885, 0.013500264, 0.018898591]
Epoch: 20_500, Discriminator_A :: Loss: 0.5, Generator :: Loss: [0.21018662, 0.0, 0.0, 0.010942716, 0.006092705, 0.01893233, 0.020900076]
Epoch: 20_600, Discriminator_A :: Loss: 0.5, Generator :: Loss: [0.5343106, 0.0, 0.0, 0.026656477, 0.018703038, 0.04719442, 0.033521064]
Epoch: 20_700, Discriminator_A :: Loss: 0.5, Generator :: Loss: [0.557463, 0.0, 0.0, 0.024310436, 0.021345872, 0.052724272, 0.048175648]
Epoch: 20_800, Discriminator_A :: Loss: 0.5, Generator :: Loss: [0.35642782, 0.0, 0.0, 0.0134909805, 0.015065113, 0.03262355, 0.038243335]
Epoch: 20_900, Discriminator_A :: Loss: 0.5, Generator :: Loss: [0.23935856, 0.0, 0.0, 0.013186155, 0.006254046, 0.030550659, 0.014405895]
Epoch: 21_100, Discriminator_A :: Loss: 0.5, Generator :: Loss: [0.34387782, 0.0, 0.0, 0.014366785, 0.0143453665, 0.03130754, 0.025448762]
Epoch: 21_200, Discriminator_A :: Loss: 0.5, Generator :: Loss: [1.64961, 1.0, 0.0, 0.02229894, 0.031523142, 0.08609408, 0.025295]
Epoch: 21_300, Discriminator_A :: Loss: 0.5, Generator :: Loss: [1.5184246, 0.0, 1.0, 0.03163969, 0.011989888, 0.052506946, 0.029621836]
Epoch: 21_400, Discriminator_A :: Loss: 0.5, Generator :: Loss: [1.6305479, 0.0, 1.0, 0.025236556, 0.028626982, 0.06856412, 0.023348503]
Epoch: 21_500, Discriminator_A :: Loss: 0.5, Generator :: Loss: [2.0234494, 0.0, 1.0, 0.038326155, 0.049295984, 0.09046105, 0.056767054]
Epoch: 21_600, Discriminator_A :: Loss: 0.5, Generator :: Loss: [0.81572413, 0.0, 0.0, 0.027372375, 0.04643179, 0.043358475, 0.034324072]
Epoch: 21_700, Discriminator_A :: Loss: 0.5, Generator :: Loss: [2.6313634, 1.0, 1.0, 0.016491195, 0.03448627, 0.050486073, 0.071102515]
Epoch: 21_800, Discriminator_A :: Loss: 0.5, Generator :: Loss: [2.2629344, 1.0, 0.0, 0.051914807, 0.048561156, 0.0553011, 0.20287336]
Epoch: 21_900, Discriminator_A :: Loss: 0.5, Generator :: Loss: [0.4187787, 0.0, 0.0, 0.015469773, 0.019169835, 0.04099247, 0.031390138]
Epoch: 22_100, Discriminator_A :: Loss: 0.5, Generator :: Loss: [0.83705306, 0.0, 0.0, 0.04118616, 0.03253293, 0.05097465, 0.04888749]
Epoch: 22_200, Discriminator_A :: Loss: 0.5, Generator :: Loss: [0.5148445, 0.0, 0.0, 0.026740152, 0.015092755, 0.05107462, 0.045440778]
Epoch: 22_300, Discriminator_A :: Loss: 0.5, Generator :: Loss: [0.43185723, 0.0, 0.0, 0.019936316, 0.016730536, 0.027317556, 0.037871156]
Epoch: 22_400, Discriminator_A :: Loss: 0.5, Generator :: Loss: [0.7270169, 0.0, 0.0, 0.034236945, 0.026683692, 0.05139478, 0.06641585]
Epoch: 22_500, Discriminator_A :: Loss: 0.5, Generator :: Loss: [0.46887296, 0.0, 0.0, 0.016738437, 0.021446291, 0.037844338, 0.049181387]
Epoch: 22_600, Discriminator_A :: Loss: 0.5, Generator :: Loss: [2.5872414, 1.0, 1.0, 0.023427606, 0.024138365, 0.049253106, 0.062328555]
Epoch: 22_700, Discriminator_A :: Loss: 0.5, Generator :: Loss: [0.29801416, 0.0, 0.0, 0.010686424, 0.014349487, 0.02258461, 0.025070433]
Epoch: 22_800, Discriminator_A :: Loss: 0.5, Generator :: Loss: [0.33442912, 0.0, 0.0, 0.0116917165, 0.016564619, 0.022355402, 0.029510345]
Epoch: 22_900, Discriminator_A :: Loss: 0.5, Generator :: Loss: [0.31353298, 0.0, 0.0, 0.0077055315, 0.01656942, 0.019662362, 0.05112111]
Epoch: 23_100, Discriminator_A :: Loss: 0.5, Generator :: Loss: [0.78237987, 0.0, 0.0, 0.020016775, 0.04862358, 0.0294766, 0.06649978]
Epoch: 23_200, Discriminator_A :: Loss: 0.5, Generator :: Loss: [0.34963077, 0.0, 0.0, 0.013611371, 0.015047633, 0.021824436, 0.04121628]
Epoch: 23_300, Discriminator_A :: Loss: 0.5, Generator :: Loss: [0.36673433, 0.0, 0.0, 0.011744991, 0.01823946, 0.027612302, 0.03927754]
Epoch: 23_400, Discriminator_A :: Loss: 0.5, Generator :: Loss: [0.68473655, 0.0, 0.0, 0.03670684, 0.022020034, 0.045710023, 0.051757835]
Epoch: 23_500, Discriminator_A :: Loss: 0.5, Generator :: Loss: [0.45823157, 0.0, 0.0, 0.025315309, 0.013749688, 0.032894403, 0.0346872]
Epoch: 23_600, Discriminator_A :: Loss: 0.5, Generator :: Loss: [2.9029071, 1.0, 0.0, 0.10424919, 0.041402582, 0.21264228, 0.23374715]
Epoch: 23_700, Discriminator_A :: Loss: 0.5, Generator :: Loss: [2.0579953, 1.0, 0.0, 0.050284214, 0.031323172, 0.09259968, 0.14932172]
Epoch: 23_800, Discriminator_A :: Loss: 0.5, Generator :: Loss: [2.204386, 0.0, 1.0, 0.06012752, 0.03084563, 0.14044964, 0.15420476]
Epoch: 23_900, Discriminator_A :: Loss: 0.5, Generator :: Loss: [1.8995522, 1.0, 0.0, 0.052450377, 0.019836018, 0.059703954, 0.11698434]
Epoch: 24_100, Discriminator_A :: Loss: 0.5, Generator :: Loss: [0.9756771, 0.0, 0.0, 0.04349049, 0.022870839, 0.12435924, 0.1877045]
Epoch: 24_200, Discriminator_A :: Loss: 0.5, Generator :: Loss: [1.872988, 0.0, 1.0, 0.04064374, 0.023930885, 0.067313135, 0.15992858]
Epoch: 24_300, Discriminator_A :: Loss: 0.5, Generator :: Loss: [1.9780815, 0.0, 1.0, 0.05215815, 0.024858393, 0.049457252, 0.15845875]
Epoch: 24_400, Discriminator_A :: Loss: 0.5, Generator :: Loss: [2.0781212, 0.0, 1.0, 0.055809774, 0.03288629, 0.054679316, 0.13648117]
Epoch: 24_500, Discriminator_A :: Loss: 0.5, Generator :: Loss: [1.922098, 0.0, 1.0, 0.037925445, 0.042746462, 0.031239383, 0.08413956]
Epoch: 24_600, Discriminator_A :: Loss: 0.5, Generator :: Loss: [1.8206049, 0.0, 1.0, 0.038574122, 0.027269904, 0.090453416, 0.071711354]
Epoch: 24_700, Discriminator_A :: Loss: 0.5, Generator :: Loss: [2.0874698, 0.0, 1.0, 0.07502909, 0.019471522, 0.06679592, 0.07566778]
Epoch: 24_800, Discriminator_A :: Loss: 0.5, Generator :: Loss: [1.8895339, 0.0, 1.0, 0.056425862, 0.020703558, 0.04551529, 0.072724484]
Epoch: 24_900, Discriminator_A :: Loss: 0.5, Generator :: Loss: [2.3234403, 0.0, 1.0, 0.0900687, 0.027892668, 0.06154149, 0.082285225]
Epoch: 25_100, Discriminator_A :: Loss: 0.5, Generator :: Loss: [2.1754153, 0.0, 1.0, 0.084759824, 0.016984101, 0.100422986, 0.057552844]
Epoch: 25_200, Discriminator_A :: Loss: 0.5, Generator :: Loss: [2.152062, 0.0, 1.0, 0.06866588, 0.03007658, 0.06490946, 0.09972794]
Epoch: 25_300, Discriminator_A :: Loss: 0.5, Generator :: Loss: [1.7763938, 0.0, 1.0, 0.047248095, 0.018552043, 0.045710206, 0.07268211]
Epoch: 25_400, Discriminator_A :: Loss: 0.5, Generator :: Loss: [1.7225926, 1.0, 0.0, 0.039399624, 0.019960728, 0.039256122, 0.089732975]
Epoch: 25_500, Discriminator_A :: Loss: 0.5, Generator :: Loss: [1.8099965, 0.0, 1.0, 0.04342533, 0.02625261, 0.066702515, 0.04651478]
Epoch: 25_600, Discriminator_A :: Loss: 0.5, Generator :: Loss: [1.8631207, 0.0, 1.0, 0.05909528, 0.014858551, 0.07864517, 0.044937253]
Epoch: 25_700, Discriminator_A :: Loss: 0.5, Generator :: Loss: [1.7750794, 0.0, 1.0, 0.048412878, 0.01911832, 0.047143087, 0.052624367]
Epoch: 25_800, Discriminator_A :: Loss: 0.5, Generator :: Loss: [1.7745745, 0.0, 1.0, 0.04881744, 0.018686224, 0.051224988, 0.048312932]
Epoch: 25_900, Discriminator_A :: Loss: 0.5, Generator :: Loss: [1.9933172, 0.0, 1.0, 0.058137637, 0.023242038, 0.073841825, 0.10567869]
Epoch: 26_100, Discriminator_A :: Loss: 0.5, Generator :: Loss: [1.4664524, 0.0, 1.0, 0.02563168, 0.014225008, 0.028497819, 0.03938771]
Epoch: 26_200, Discriminator_A :: Loss: 0.5, Generator :: Loss: [1.8653855, 0.0, 1.0, 0.043092452, 0.028231382, 0.0951073, 0.057039823]
Epoch: 26_300, Discriminator_A :: Loss: 0.5, Generator :: Loss: [1.7286059, 1.0, 0.0, 0.049351495, 0.014680189, 0.045277655, 0.043011364]
Epoch: 26_400, Discriminator_A :: Loss: 0.5, Generator :: Loss: [1.7350998, 0.0, 1.0, 0.03592536, 0.027313557, 0.03902279, 0.06368775]
Epoch: 26_500, Discriminator_A :: Loss: 0.5, Generator :: Loss: [1.7423946, 0.0, 1.0, 0.052893378, 0.012718888, 0.053581048, 0.03269091]
Epoch: 26_600, Discriminator_A :: Loss: 0.5, Generator :: Loss: [1.6609764, 1.0, 0.0, 0.046442088, 0.012788406, 0.04072112, 0.027950302]
Epoch: 26_700, Discriminator_A :: Loss: 0.5, Generator :: Loss: [1.6583185, 0.0, 1.0, 0.043072164, 0.014439404, 0.04969492, 0.03350792]
Epoch: 26_800, Discriminator_A :: Loss: 0.5, Generator :: Loss: [2.1182077, 0.0, 1.0, 0.05206361, 0.046849884, 0.059295304, 0.06977742]
Epoch: 26_900, Discriminator_A :: Loss: 0.5, Generator :: Loss: [1.7965695, 0.0, 1.0, 0.04576717, 0.02475775, 0.044418015, 0.046902284]
Epoch: 27_100, Discriminator_A :: Loss: 0.5, Generator :: Loss: [1.5017248, 0.0, 1.0, 0.026413474, 0.017587032, 0.024658391, 0.037061363]
Epoch: 27_200, Discriminator_A :: Loss: 0.5, Generator :: Loss: [1.7149796, 0.0, 1.0, 0.03600978, 0.028317546, 0.042791843, 0.028914414]
Epoch: 27_300, Discriminator_A :: Loss: 0.5, Generator :: Loss: [1.8357126, 0.0, 1.0, 0.039754793, 0.032251596, 0.027484052, 0.08816454]
Epoch: 27_400, Discriminator_A :: Loss: 0.5, Generator :: Loss: [1.847446, 1.0, 0.0, 0.044753287, 0.02841214, 0.052602097, 0.06318958]
Epoch: 27_500, Discriminator_A :: Loss: 0.5, Generator :: Loss: [1.6210535, 0.0, 1.0, 0.027747417, 0.025021154, 0.037414152, 0.05595357]
Epoch: 27_600, Discriminator_A :: Loss: 0.5, Generator :: Loss: [1.6299635, 0.0, 1.0, 0.040587593, 0.012648314, 0.068168685, 0.029435774]
Epoch: 27_700, Discriminator_A :: Loss: 0.5, Generator :: Loss: [1.6446233, 0.0, 1.0, 0.037045706, 0.02185053, 0.027721856, 0.02793907]
Epoch: 27_800, Discriminator_A :: Loss: 0.5, Generator :: Loss: [1.7747918, 0.0, 1.0, 0.03959563, 0.028109446, 0.042736255, 0.055004857]
Epoch: 27_900, Discriminator_A :: Loss: 0.5, Generator :: Loss: [1.7007599, 0.0, 1.0, 0.044539217, 0.015627526, 0.05874297, 0.04034953]
Epoch: 28_100, Discriminator_A :: Loss: 0.5, Generator :: Loss: [1.6597829, 0.0, 1.0, 0.03667433, 0.022916254, 0.041719586, 0.022157481]
Epoch: 28_200, Discriminator_A :: Loss: 0.5, Generator :: Loss: [1.6097928, 0.0, 1.0, 0.03510756, 0.018882133, 0.03764441, 0.03225144]
Epoch: 28_300, Discriminator_A :: Loss: 0.5, Generator :: Loss: [1.6640522, 0.0, 1.0, 0.03187225, 0.025715046, 0.028515778, 0.05966355]
Epoch: 28_400, Discriminator_A :: Loss: 0.5, Generator :: Loss: [1.9469383, 0.0, 1.0, 0.07069236, 0.016352847, 0.049474362, 0.027011896]
Epoch: 28_500, Discriminator_A :: Loss: 0.5, Generator :: Loss: [1.6705859, 0.0, 1.0, 0.042213175, 0.017088717, 0.04117708, 0.036389828]
Epoch: 28_600, Discriminator_A :: Loss: 0.5, Generator :: Loss: [1.551412, 0.0, 1.0, 0.027697675, 0.020927886, 0.02815241, 0.03700384]
Epoch: 28_700, Discriminator_A :: Loss: 0.5, Generator :: Loss: [2.1189218, 0.0, 1.0, 0.050020345, 0.04740657, 0.065332554, 0.07932009]
Epoch: 28_800, Discriminator_A :: Loss: 0.5, Generator :: Loss: [1.6843035, 0.0, 1.0, 0.02943066, 0.030727021, 0.027726589, 0.055000223]
Epoch: 28_900, Discriminator_A :: Loss: 0.5, Generator :: Loss: [1.7596645, 0.0, 1.0, 0.038270295, 0.028167136, 0.03900487, 0.05628523]
Epoch: 29_100, Discriminator_A :: Loss: 0.5, Generator :: Loss: [1.8825465, 0.0, 1.0, 0.026729992, 0.050437573, 0.024315646, 0.08655541]
Epoch: 29_200, Discriminator_A :: Loss: 0.5, Generator :: Loss: [1.7087284, 0.0, 1.0, 0.029464446, 0.03135633, 0.044928275, 0.055592265]
Epoch: 29_300, Discriminator_A :: Loss: 0.5, Generator :: Loss: [1.5150092, 0.0, 1.0, 0.033564143, 0.0125001045, 0.030032715, 0.024333898]
Epoch: 29_400, Discriminator_A :: Loss: 0.5, Generator :: Loss: [1.6672426, 1.0, 0.0, 0.030093223, 0.026955862, 0.05092692, 0.04582484]
Epoch: 29_500, Discriminator_A :: Loss: 0.5, Generator :: Loss: [1.973535, 0.0, 1.0, 0.055670418, 0.0275115, 0.09456933, 0.047146462]
Epoch: 29_600, Discriminator_A :: Loss: 0.5, Generator :: Loss: [1.7832397, 0.0, 1.0, 0.04627315, 0.023661884, 0.037609637, 0.04627984]
Epoch: 29_700, Discriminator_A :: Loss: 0.5, Generator :: Loss: [1.8597583, 0.0, 1.0, 0.056476377, 0.021048691, 0.048664935, 0.03584264]
Epoch: 29_800, Discriminator_A :: Loss: 0.5, Generator :: Loss: [1.5988611, 0.0, 1.0, 0.03441134, 0.01836278, 0.039058942, 0.032060973]
Epoch: 29_900, Discriminator_A :: Loss: 0.5, Generator :: Loss: [1.4772282, 0.0, 1.0, 0.028882165, 0.013060492, 0.03213915, 0.025662307]
Epoch: 30_100, Discriminator_A :: Loss: 0.5, Generator :: Loss: [1.596451, 0.0, 1.0, 0.035470534, 0.017103266, 0.04062336, 0.030089784]
Epoch: 30_200, Discriminator_A :: Loss: 0.5, Generator :: Loss: [1.6152073, 0.0, 1.0, 0.031004457, 0.022470232, 0.035323255, 0.045137186]
Epoch: 30_300, Discriminator_A :: Loss: 0.5, Generator :: Loss: [1.6557193, 1.0, 0.0, 0.035649307, 0.021915993, 0.035923857, 0.044142537]
Epoch: 30_400, Discriminator_A :: Loss: 0.5, Generator :: Loss: [1.9512966, 0.0, 1.0, 0.058498867, 0.027302343, 0.04401704, 0.049267527]
Epoch: 30_500, Discriminator_A :: Loss: 0.5, Generator :: Loss: [1.6919658, 0.0, 1.0, 0.036806367, 0.02351465, 0.043788787, 0.04496686]
Epoch: 30_600, Discriminator_A :: Loss: 0.5, Generator :: Loss: [1.5853692, 0.0, 1.0, 0.02629911, 0.024233349, 0.032384828, 0.0476598]
Epoch: 30_700, Discriminator_A :: Loss: 0.5, Generator :: Loss: [1.6363109, 1.0, 0.0, 0.03673343, 0.018529365, 0.052224733, 0.031458084]
Epoch: 30_800, Discriminator_A :: Loss: 0.5, Generator :: Loss: [1.6546813, 0.0, 1.0, 0.037139066, 0.021141268, 0.03758073, 0.034297317]
Epoch: 30_900, Discriminator_A :: Loss: 0.5, Generator :: Loss: [1.8423771, 0.0, 1.0, 0.049946718, 0.02474035, 0.044612385, 0.05089401]
Epoch: 31_100, Discriminator_A :: Loss: 0.5, Generator :: Loss: [1.7999101, 0.0, 1.0, 0.041025463, 0.028693749, 0.048125565, 0.05459238]
Epoch: 31_200, Discriminator_A :: Loss: 0.5, Generator :: Loss: [1.7472576, 0.0, 1.0, 0.050769646, 0.014462252, 0.06857397, 0.026364692]
Epoch: 31_300, Discriminator_A :: Loss: 0.5, Generator :: Loss: [1.6950284, 0.0, 1.0, 0.045558464, 0.015084207, 0.055564538, 0.03303723]
Epoch: 31_400, Discriminator_A :: Loss: 0.5, Generator :: Loss: [1.9934345, 0.0, 1.0, 0.044737685, 0.047193557, 0.033679664, 0.040442336]
Epoch: 31_500, Discriminator_A :: Loss: 0.5, Generator :: Loss: [1.6990824, 0.0, 1.0, 0.033756748, 0.027369004, 0.04661277, 0.04121207]
Epoch: 31_600, Discriminator_A :: Loss: 0.5, Generator :: Loss: [1.6213806, 0.0, 1.0, 0.041492406, 0.013112126, 0.04791707, 0.027418194]
Epoch: 31_700, Discriminator_A :: Loss: 0.5, Generator :: Loss: [1.656549, 0.0, 1.0, 0.04046199, 0.017658891, 0.041712984, 0.033627193]
Epoch: 31_800, Discriminator_A :: Loss: 0.5, Generator :: Loss: [2.010646, 0.0, 1.0, 0.075562485, 0.01221513, 0.09817736, 0.03469285]
Epoch: 31_900, Discriminator_A :: Loss: 0.5, Generator :: Loss: [2.9730177, 1.0, 1.0, 0.05571619, 0.03240577, 0.041318785, 0.050479494]
Epoch: 32_100, Discriminator_A :: Loss: 0.5, Generator :: Loss: [0.6315256, 0.0, 0.0, 0.025221687, 0.029237118, 0.033526614, 0.05341091]
Epoch: 32_200, Discriminator_A :: Loss: 0.5, Generator :: Loss: [0.64179623, 0.0, 0.0, 0.03454138, 0.020719904, 0.045648836, 0.043534577]
Epoch: 32_300, Discriminator_A :: Loss: 0.5, Generator :: Loss: [1.128619, 0.0, 0.0, 0.05997917, 0.039092362, 0.083497345, 0.05440631]
Epoch: 32_400, Discriminator_A :: Loss: 0.5, Generator :: Loss: [0.6453216, 0.0, 0.0, 0.026151188, 0.02987444, 0.02591171, 0.059153706]
Epoch: 32_500, Discriminator_A :: Loss: 0.5, Generator :: Loss: [0.49790055, 0.0, 0.0, 0.02167022, 0.021432644, 0.022584641, 0.04428724]
Epoch: 32_600, Discriminator_A :: Loss: 0.5, Generator :: Loss: [0.9115761, 0.0, 0.0, 0.052604165, 0.027980737, 0.060941566, 0.044785526]
Epoch: 32_700, Discriminator_A :: Loss: 0.5, Generator :: Loss: [0.7246561, 0.0, 0.0, 0.03545513, 0.02776187, 0.04471592, 0.04777013]
Epoch: 32_800, Discriminator_A :: Loss: 0.5, Generator :: Loss: [1.7966479, 0.0, 1.0, 0.036359183, 0.03569178, 0.02152066, 0.05461758]
Epoch: 32_900, Discriminator_A :: Loss: 0.5, Generator :: Loss: [0.70993453, 0.0, 0.0, 0.03766685, 0.026501644, 0.033179425, 0.03507019]
Epoch: 33_100, Discriminator_A :: Loss: 0.5, Generator :: Loss: [1.8444428, 0.0, 1.0, 0.05101653, 0.024085306, 0.053519577, 0.03990491]
Epoch: 33_200, Discriminator_A :: Loss: 0.5, Generator :: Loss: [1.7675761, 0.0, 1.0, 0.038239747, 0.031171571, 0.033906072, 0.03955681]
Epoch: 33_300, Discriminator_A :: Loss: 0.5, Generator :: Loss: [1.7045166, 0.0, 1.0, 0.040458746, 0.021668421, 0.039900564, 0.04334443]
Epoch: 33_400, Discriminator_A :: Loss: 0.5, Generator :: Loss: [2.177438, 0.0, 1.0, 0.060220134, 0.04762823, 0.046473943, 0.052480467]
Epoch: 33_500, Discriminator_A :: Loss: 0.5, Generator :: Loss: [1.7849084, 0.0, 1.0, 0.049579814, 0.019002926, 0.061246857, 0.03783415]
Epoch: 33_600, Discriminator_A :: Loss: 0.5, Generator :: Loss: [1.012139, 0.0, 0.0, 0.05361864, 0.037718944, 0.044150908, 0.054612268]
Epoch: 33_700, Discriminator_A :: Loss: 0.5, Generator :: Loss: [0.50140667, 0.0, 0.0, 0.023198381, 0.019363847, 0.032674104, 0.043110266]
Epoch: 33_800, Discriminator_A :: Loss: 0.5, Generator :: Loss: [2.6051998, 1.0, 1.0, 0.030364484, 0.019495003, 0.05515563, 0.051449306]
Epoch: 33_900, Discriminator_A :: Loss: 0.5, Generator :: Loss: [0.79101634, 0.0, 0.0, 0.04628441, 0.023535449, 0.03752555, 0.05529225]
Epoch: 34_100, Discriminator_A :: Loss: 0.5, Generator :: Loss: [0.61397374, 0.0, 0.0, 0.028458163, 0.023918174, 0.032169487, 0.058040917]
Epoch: 34_200, Discriminator_A :: Loss: 0.5, Generator :: Loss: [0.6778814, 0.0, 0.0, 0.030975707, 0.028641135, 0.034547232, 0.047165804]
Epoch: 34_300, Discriminator_A :: Loss: 0.5, Generator :: Loss: [2.6142726, 1.0, 1.0, 0.03127712, 0.02224413, 0.033456933, 0.04560308]
Epoch: 34_400, Discriminator_A :: Loss: 0.5, Generator :: Loss: [1.5920429, 1.0, 0.0, 0.034128852, 0.01776731, 0.036154438, 0.0369269]
Epoch: 34_500, Discriminator_A :: Loss: 0.5, Generator :: Loss: [1.555135, 0.0, 1.0, 0.031132085, 0.016984966, 0.03616835, 0.0377963]
Epoch: 34_600, Discriminator_A :: Loss: 0.5, Generator :: Loss: [1.5665171, 0.0, 1.0, 0.028038574, 0.02188722, 0.02590762, 0.04135161]
Epoch: 34_700, Discriminator_A :: Loss: 0.5, Generator :: Loss: [1.847106, 0.0, 1.0, 0.039518263, 0.034254905, 0.046124548, 0.06324971]
Epoch: 34_800, Discriminator_A :: Loss: 0.5, Generator :: Loss: [1.7644207, 0.0, 1.0, 0.05162498, 0.01458174, 0.073198035, 0.029155437]
Epoch: 34_900, Discriminator_A :: Loss: 0.5, Generator :: Loss: [1.6477284, 0.0, 1.0, 0.036463484, 0.019491224, 0.05081941, 0.037361924]
Epoch: 35_100, Discriminator_A :: Loss: 0.5, Generator :: Loss: [1.6871147, 0.0, 1.0, 0.046580456, 0.012864912, 0.06234463, 0.030316342]
Epoch: 35_200, Discriminator_A :: Loss: 0.5, Generator :: Loss: [1.5116936, 1.0, 0.0, 0.031095302, 0.014048385, 0.038949728, 0.02130699]
Epoch: 35_300, Discriminator_A :: Loss: 0.5, Generator :: Loss: [1.4529935, 0.0, 1.0, 0.027030993, 0.013047916, 0.030579265, 0.02162528]
Epoch: 35_400, Discriminator_A :: Loss: 0.5, Generator :: Loss: [1.699427, 0.0, 1.0, 0.042811833, 0.019338064, 0.042948015, 0.034980014]
Epoch: 35_500, Discriminator_A :: Loss: 0.5, Generator :: Loss: [1.5119536, 0.0, 1.0, 0.025560379, 0.019213643, 0.029041875, 0.03517151]
Epoch: 35_600, Discriminator_A :: Loss: 0.5, Generator :: Loss: [1.6043984, 0.0, 1.0, 0.025663078, 0.027807077, 0.027516264, 0.042180575]
Epoch: 35_700, Discriminator_A :: Loss: 0.5, Generator :: Loss: [1.4386737, 0.0, 1.0, 0.01836228, 0.019485135, 0.026853448, 0.033346117]
Epoch: 35_800, Discriminator_A :: Loss: 0.5, Generator :: Loss: [1.5823978, 0.0, 1.0, 0.035518765, 0.016144592, 0.04111202, 0.024652239]
Epoch: 35_900, Discriminator_A :: Loss: 0.5, Generator :: Loss: [1.6761414, 0.0, 1.0, 0.037177775, 0.022152357, 0.04166594, 0.041174166]
Epoch: 36_100, Discriminator_A :: Loss: 0.5, Generator :: Loss: [1.6113725, 0.0, 1.0, 0.04081232, 0.013105569, 0.045416817, 0.026776621]
Epoch: 36_200, Discriminator_A :: Loss: 0.5, Generator :: Loss: [1.6246318, 0.0, 1.0, 0.03848286, 0.016226243, 0.04575208, 0.031788707]
Epoch: 36_300, Discriminator_A :: Loss: 0.5, Generator :: Loss: [1.5508469, 1.0, 0.0, 0.028304018, 0.01982329, 0.03321118, 0.036362596]
Epoch: 36_400, Discriminator_A :: Loss: 0.5, Generator :: Loss: [1.4470413, 0.0, 1.0, 0.024808077, 0.0147005115, 0.020921573, 0.031033881]
Epoch: 36_500, Discriminator_A :: Loss: 0.5, Generator :: Loss: [1.6972541, 0.0, 0.0, 0.13733147, 0.021624349, 0.0539994, 0.053696338]
Epoch: 36_600, Discriminator_A :: Loss: 0.5, Generator :: Loss: [1.0410995, 0.0, 0.0, 0.06181159, 0.034061126, 0.03284456, 0.049527846]
Epoch: 36_700, Discriminator_A :: Loss: 0.5, Generator :: Loss: [0.8942534, 0.0, 0.0, 0.053659104, 0.02864832, 0.031382814, 0.039796323]
Epoch: 36_800, Discriminator_A :: Loss: 0.5, Generator :: Loss: [0.6054629, 0.0, 0.0, 0.03842874, 0.01593099, 0.038250685, 0.023614965]
Epoch: 36_900, Discriminator_A :: Loss: 0.5, Generator :: Loss: [0.9482555, 0.0, 0.0, 0.06065441, 0.026073936, 0.051365633, 0.029606411]
Epoch: 37_100, Discriminator_A :: Loss: 0.5, Generator :: Loss: [2.7164505, 1.0, 1.0, 0.04528526, 0.017693605, 0.052527104, 0.034134645]
Epoch: 37_200, Discriminator_A :: Loss: 0.5, Generator :: Loss: [0.59459805, 0.0, 0.0, 0.034403153, 0.018062338, 0.040947415, 0.028995752]
Epoch: 37_300, Discriminator_A :: Loss: 0.5, Generator :: Loss: [0.5520575, 0.0, 0.0, 0.026152596, 0.022900013, 0.03494493, 0.026586447]
Epoch: 37_400, Discriminator_A :: Loss: 0.5, Generator :: Loss: [2.5078175, 1.0, 1.0, 0.031587735, 0.011756355, 0.045344055, 0.029032402]
Epoch: 37_500, Discriminator_A :: Loss: 0.5, Generator :: Loss: [0.52946883, 0.0, 0.0, 0.033039637, 0.014399389, 0.029087698, 0.025990915]
Epoch: 37_600, Discriminator_A :: Loss: 0.5, Generator :: Loss: [1.8277034, 0.0, 1.0, 0.051406562, 0.020106032, 0.06476766, 0.047809772]
Epoch: 37_700, Discriminator_A :: Loss: 0.5, Generator :: Loss: [0.94759035, 0.0, 0.0, 0.06299489, 0.022288948, 0.06160685, 0.033145145]
Epoch: 37_800, Discriminator_A :: Loss: 0.5, Generator :: Loss: [0.515918, 0.0, 0.0, 0.030090459, 0.014236297, 0.049168006, 0.023482464]
Epoch: 37_900, Discriminator_A :: Loss: 0.5, Generator :: Loss: [0.48303384, 0.0, 0.0, 0.027385496, 0.015812164, 0.023752257, 0.027304951]
Epoch: 38_100, Discriminator_A :: Loss: 0.5, Generator :: Loss: [0.5387526, 0.0, 0.0, 0.040763497, 0.00769449, 0.033497274, 0.020675508]
Epoch: 38_200, Discriminator_A :: Loss: 0.5, Generator :: Loss: [0.42283064, 0.0, 0.0, 0.02748806, 0.008957392, 0.033130966, 0.025245158]
Epoch: 38_300, Discriminator_A :: Loss: 0.5, Generator :: Loss: [0.63065404, 0.0, 0.0, 0.038908564, 0.018182455, 0.026244251, 0.033499584]
Epoch: 38_400, Discriminator_A :: Loss: 0.5, Generator :: Loss: [0.5165397, 0.0, 0.0, 0.02656683, 0.017102707, 0.047154106, 0.032690257]
Epoch: 38_500, Discriminator_A :: Loss: 0.5, Generator :: Loss: [2.469018, 1.0, 1.0, 0.022181187, 0.019031618, 0.020500038, 0.036390014]
Epoch: 38_600, Discriminator_A :: Loss: 0.5, Generator :: Loss: [0.6152202, 0.0, 0.0, 0.028779691, 0.025046282, 0.03360521, 0.04335524]
Epoch: 38_700, Discriminator_A :: Loss: 0.5, Generator :: Loss: [0.637642, 0.0, 0.0, 0.025683634, 0.032621436, 0.025011323, 0.029579999]
Epoch: 38_800, Discriminator_A :: Loss: 0.5, Generator :: Loss: [0.707631, 0.0, 0.0, 0.044079244, 0.020306665, 0.024034226, 0.039737705]
Epoch: 38_900, Discriminator_A :: Loss: 0.5, Generator :: Loss: [0.7994251, 0.0, 0.0, 0.04753946, 0.023891129, 0.037027717, 0.0480915]
Epoch: 39_100, Discriminator_A :: Loss: 0.5, Generator :: Loss: [0.49141452, 0.0, 0.0, 0.027546607, 0.015436536, 0.034181394, 0.027401686]
Epoch: 39_200, Discriminator_A :: Loss: 0.5, Generator :: Loss: [0.6700711, 0.0, 0.0, 0.041103594, 0.01742975, 0.055635758, 0.029101916]
Epoch: 39_300, Discriminator_A :: Loss: 0.5, Generator :: Loss: [0.6294614, 0.0, 0.0, 0.042023495, 0.014266834, 0.04032877, 0.026229382]
Epoch: 39_400, Discriminator_A :: Loss: 0.5, Generator :: Loss: [0.45742163, 0.0, 0.0, 0.030020766, 0.011586433, 0.02293544, 0.01841418]
Epoch: 39_500, Discriminator_A :: Loss: 0.5, Generator :: Loss: [0.49082977, 0.0, 0.0, 0.033687852, 0.009612066, 0.03080552, 0.027025055]
Epoch: 39_600, Discriminator_A :: Loss: 0.5, Generator :: Loss: [0.64649564, 0.0, 0.0, 0.027593017, 0.028958408, 0.033081554, 0.04789988]
Epoch: 39_700, Discriminator_A :: Loss: 0.5, Generator :: Loss: [1.0193003, 0.0, 0.0, 0.07012516, 0.018927906, 0.09423779, 0.03453181]
Epoch: 39_800, Discriminator_A :: Loss: 0.5, Generator :: Loss: [0.57315916, 0.0, 0.0, 0.028860413, 0.021020655, 0.033223502, 0.04112502]
Epoch: 39_900, Discriminator_A :: Loss: 0.5, Generator :: Loss: [0.92222357, 0.0, 0.0, 0.06562464, 0.019169003, 0.046023387, 0.028263755]
Epoch: 40_100, Discriminator_A :: Loss: 0.5, Generator :: Loss: [0.76642096, 0.0, 0.0, 0.043704383, 0.023034116, 0.06867196, 0.030364009]
Epoch: 40_200, Discriminator_A :: Loss: 0.5, Generator :: Loss: [0.5540224, 0.0, 0.0, 0.035994675, 0.013394728, 0.039580815, 0.020547515]
Epoch: 40_300, Discriminator_A :: Loss: 0.5, Generator :: Loss: [0.7803718, 0.0, 0.0, 0.052643627, 0.017566845, 0.04677117, 0.03149593]
Epoch: 40_400, Discriminator_A :: Loss: 0.5, Generator :: Loss: [0.48021367, 0.0, 0.0, 0.024527095, 0.017096912, 0.0302113, 0.033762284]
Epoch: 40_500, Discriminator_A :: Loss: 0.5, Generator :: Loss: [0.47945413, 0.0, 0.0, 0.027483098, 0.01565769, 0.02531035, 0.022735886]
Epoch: 40_600, Discriminator_A :: Loss: 0.5, Generator :: Loss: [0.587972, 0.0, 0.0, 0.035641495, 0.014703742, 0.05770077, 0.026818875]
Epoch: 40_700, Discriminator_A :: Loss: 0.5, Generator :: Loss: [0.5856726, 0.0, 0.0, 0.02827281, 0.023570407, 0.024244733, 0.042995766]
Epoch: 40_800, Discriminator_A :: Loss: 0.5, Generator :: Loss: [0.6370299, 0.0, 0.0, 0.0404156, 0.016536236, 0.036233045, 0.03127847]
Epoch: 40_900, Discriminator_A :: Loss: 0.5, Generator :: Loss: [0.5435871, 0.0, 0.0, 0.02924323, 0.017374262, 0.043811135, 0.033601075]
Epoch: 41_100, Discriminator_A :: Loss: 0.5, Generator :: Loss: [0.5583098, 0.0, 0.0, 0.036428705, 0.013524192, 0.04082769, 0.017953176]
Epoch: 41_200, Discriminator_A :: Loss: 0.5, Generator :: Loss: [0.683224, 0.0, 0.0, 0.03927482, 0.021547412, 0.03474217, 0.04025953]
Epoch: 41_300, Discriminator_A :: Loss: 0.5, Generator :: Loss: [0.38011092, 0.0, 0.0, 0.023979634, 0.009238519, 0.026398396, 0.021531027]
Epoch: 41_400, Discriminator_A :: Loss: 0.5, Generator :: Loss: [0.71336585, 0.0, 0.0, 0.039622985, 0.021794297, 0.05312965, 0.046063364]
Epoch: 41_500, Discriminator_A :: Loss: 0.5, Generator :: Loss: [2.4688087, 1.0, 1.0, 0.030955508, 0.0094637405, 0.046659056, 0.017957112]
Epoch: 41_600, Discriminator_A :: Loss: 0.5, Generator :: Loss: [0.5998902, 0.0, 0.0, 0.031370427, 0.021002319, 0.04559587, 0.03056683]
Epoch: 41_700, Discriminator_A :: Loss: 0.5, Generator :: Loss: [0.3994437, 0.0, 0.0, 0.019249, 0.0152884945, 0.021604609, 0.032464143]
Epoch: 41_800, Discriminator_A :: Loss: 0.5, Generator :: Loss: [0.6869869, 0.0, 0.0, 0.043660603, 0.016211096, 0.050817147, 0.037452817]
Epoch: 41_900, Discriminator_A :: Loss: 0.5, Generator :: Loss: [0.68202364, 0.0, 0.0, 0.031858716, 0.02972015, 0.024534516, 0.041700415]
Epoch: 42_100, Discriminator_A :: Loss: 0.5, Generator :: Loss: [0.43084663, 0.0, 0.0, 0.020197587, 0.0167857, 0.026859751, 0.034154005]
Epoch: 42_200, Discriminator_A :: Loss: 0.5, Generator :: Loss: [0.9004534, 0.0, 0.0, 0.057856232, 0.017441934, 0.106595084, 0.040876612]
Epoch: 42_300, Discriminator_A :: Loss: 0.5, Generator :: Loss: [0.6759469, 0.0, 0.0, 0.04799925, 0.012969141, 0.040278673, 0.025984304]
Epoch: 42_400, Discriminator_A :: Loss: 0.5, Generator :: Loss: [0.4744669, 0.0, 0.0, 0.015823627, 0.0244033, 0.025529657, 0.046667963]
Epoch: 42_500, Discriminator_A :: Loss: 0.5, Generator :: Loss: [0.6322596, 0.0, 0.0, 0.039717708, 0.015470599, 0.052846793, 0.027529784]
Epoch: 42_600, Discriminator_A :: Loss: 0.5, Generator :: Loss: [0.53283477, 0.0, 0.0, 0.026235707, 0.018881246, 0.039318606, 0.04234668]
Epoch: 42_700, Discriminator_A :: Loss: 0.5, Generator :: Loss: [0.6114808, 0.0, 0.0, 0.036626842, 0.01668589, 0.046620663, 0.031732805]
Epoch: 42_800, Discriminator_A :: Loss: 0.5, Generator :: Loss: [2.6138408, 1.0, 1.0, 0.036102474, 0.018009055, 0.04710202, 0.02562348]
Epoch: 42_900, Discriminator_A :: Loss: 0.5, Generator :: Loss: [0.50947607, 0.0, 0.0, 0.029123362, 0.015486073, 0.02944588, 0.0339358]
Epoch: 43_100, Discriminator_A :: Loss: 0.5, Generator :: Loss: [0.5503583, 0.0, 0.0, 0.03041213, 0.01660659, 0.05394776, 0.026223287]
Epoch: 43_200, Discriminator_A :: Loss: 0.5, Generator :: Loss: [0.83437717, 0.0, 0.0, 0.040870477, 0.030373633, 0.08934688, 0.032589167]
Epoch: 43_300, Discriminator_A :: Loss: 0.5, Generator :: Loss: [1.2088814, 0.0, 0.0, 0.059826642, 0.04607649, 0.07766794, 0.072182015]
Epoch: 43_400, Discriminator_A :: Loss: 0.5, Generator :: Loss: [1.4332879, 0.0, 0.0, 0.059726644, 0.07095036, 0.082399815, 0.04411788]
Epoch: 43_500, Discriminator_A :: Loss: 0.5, Generator :: Loss: [1.6164825, 0.0, 0.0, 0.07707235, 0.06998226, 0.06559056, 0.08034581]
Epoch: 43_600, Discriminator_A :: Loss: 0.5, Generator :: Loss: [0.77377665, 0.0, 0.0, 0.03175386, 0.037535354, 0.046994634, 0.033889852]
Epoch: 43_700, Discriminator_A :: Loss: 0.5, Generator :: Loss: [1.1749699, 0.0, 0.0, 0.065441646, 0.038688473, 0.0931945, 0.040474202]
Epoch: 43_800, Discriminator_A :: Loss: 0.5, Generator :: Loss: [0.9816626, 0.0, 0.0, 0.055936567, 0.027164634, 0.11466602, 0.03598454]
Epoch: 43_900, Discriminator_A :: Loss: 0.5, Generator :: Loss: [2.6768157, 1.0, 1.0, 0.028826762, 0.029474918, 0.048877366, 0.04492131]
Epoch: 44_100, Discriminator_A :: Loss: 0.5, Generator :: Loss: [0.861078, 0.0, 0.0, 0.037516475, 0.040539496, 0.033469617, 0.04704866]
Epoch: 44_200, Discriminator_A :: Loss: 0.5, Generator :: Loss: [0.7495975, 0.0, 0.0, 0.038660623, 0.026300693, 0.06258681, 0.03739755]
Epoch: 44_300, Discriminator_A :: Loss: 0.5, Generator :: Loss: [0.76062876, 0.0, 0.0, 0.031746816, 0.03401182, 0.052926965, 0.05011546]
Epoch: 44_400, Discriminator_A :: Loss: 0.5, Generator :: Loss: [0.89203435, 0.0, 0.0, 0.047009476, 0.029062796, 0.08309397, 0.04821769]
Epoch: 44_500, Discriminator_A :: Loss: 0.5, Generator :: Loss: [0.8570865, 0.0, 0.0, 0.03179314, 0.041896407, 0.05831688, 0.061874136]
Epoch: 44_600, Discriminator_A :: Loss: 0.5, Generator :: Loss: [0.6107351, 0.0, 0.0, 0.025382945, 0.026674904, 0.044318724, 0.045837894]
Epoch: 44_700, Discriminator_A :: Loss: 0.5, Generator :: Loss: [2.681236, 1.0, 1.0, 0.039060462, 0.01933199, 0.06327396, 0.03403789]
Epoch: 44_800, Discriminator_A :: Loss: 0.5, Generator :: Loss: [0.9654621, 0.0, 0.0, 0.05678541, 0.029423319, 0.049880967, 0.053493787]
Epoch: 44_900, Discriminator_A :: Loss: 0.5, Generator :: Loss: [0.7056196, 0.0, 0.0, 0.03585148, 0.024560152, 0.06040944, 0.041093796]
Epoch: 45_100, Discriminator_A :: Loss: 0.5, Generator :: Loss: [0.61661935, 0.0, 0.0, 0.023638811, 0.027793622, 0.052251685, 0.050043374]
Epoch: 45_200, Discriminator_A :: Loss: 0.5, Generator :: Loss: [0.8329697, 0.0, 0.0, 0.046731632, 0.023332277, 0.07142921, 0.06090142]
Epoch: 45_300, Discriminator_A :: Loss: 0.5, Generator :: Loss: [0.4032144, 0.0, 0.0, 0.018019583, 0.015354893, 0.037830733, 0.031638905]
Epoch: 45_400, Discriminator_A :: Loss: 0.5, Generator :: Loss: [1.6096522, 0.0, 0.0, 0.081372, 0.058544025, 0.117091686, 0.09340025]
Epoch: 45_500, Discriminator_A :: Loss: 0.5, Generator :: Loss: [1.1678516, 0.0, 0.0, 0.03308881, 0.06875864, 0.061670326, 0.08770685]
Epoch: 45_600, Discriminator_A :: Loss: 0.5, Generator :: Loss: [0.86066866, 0.0, 0.0, 0.04692083, 0.029245375, 0.056733795, 0.042272888]
Epoch: 45_700, Discriminator_A :: Loss: 0.5, Generator :: Loss: [1.0062358, 0.0, 0.0, 0.051364303, 0.035011552, 0.07714422, 0.06533312]
Epoch: 45_800, Discriminator_A :: Loss: 0.5, Generator :: Loss: [1.1481394, 0.0, 0.0, 0.077247515, 0.024925746, 0.084310345, 0.04209648]
Epoch: 45_900, Discriminator_A :: Loss: 0.5, Generator :: Loss: [0.6332681, 0.0, 0.0, 0.024904989, 0.027839292, 0.04954207, 0.056283243]
Epoch: 46_100, Discriminator_A :: Loss: 0.5, Generator :: Loss: [0.6609938, 0.0, 0.0, 0.025512336, 0.029363627, 0.05060545, 0.06162876]
Epoch: 46_200, Discriminator_A :: Loss: 0.5, Generator :: Loss: [0.6470189, 0.0, 0.0, 0.025458075, 0.02845539, 0.05866815, 0.049216162]
Epoch: 46_300, Discriminator_A :: Loss: 0.5, Generator :: Loss: [0.8628691, 0.0, 0.0, 0.045297496, 0.029311456, 0.067149416, 0.049630158]
Epoch: 46_400, Discriminator_A :: Loss: 0.5, Generator :: Loss: [0.65055037, 0.0, 0.0, 0.03138484, 0.022129059, 0.064156674, 0.05125477]
Epoch: 46_500, Discriminator_A :: Loss: 0.5, Generator :: Loss: [0.4579635, 0.0, 0.0, 0.020740442, 0.01685732, 0.04371771, 0.03826814]
Epoch: 46_600, Discriminator_A :: Loss: 0.5, Generator :: Loss: [0.80369866, 0.0, 0.0, 0.04532499, 0.022316344, 0.07929915, 0.0479862]
Epoch: 46_700, Discriminator_A :: Loss: 0.5, Generator :: Loss: [0.5941277, 0.0, 0.0, 0.028502917, 0.021511259, 0.050421752, 0.0435642]
Epoch: 46_800, Discriminator_A :: Loss: 0.5, Generator :: Loss: [0.6002763, 0.0, 0.0, 0.037505053, 0.013293069, 0.07312837, 0.019166624]
Epoch: 46_900, Discriminator_A :: Loss: 0.5, Generator :: Loss: [0.63629925, 0.0, 0.0, 0.027584665, 0.025547806, 0.056722537, 0.048252016]
Epoch: 47_100, Discriminator_A :: Loss: 0.5, Generator :: Loss: [2.6756582, 1.0, 1.0, 0.029878166, 0.025844315, 0.060958166, 0.057475403]
Epoch: 47_200, Discriminator_A :: Loss: 0.5, Generator :: Loss: [0.5432217, 0.0, 0.0, 0.025606822, 0.020165171, 0.047788855, 0.037712913]
Epoch: 47_300, Discriminator_A :: Loss: 0.5, Generator :: Loss: [0.46088672, 0.0, 0.0, 0.02184995, 0.017075825, 0.036869343, 0.03475962]
Epoch: 47_400, Discriminator_A :: Loss: 0.5, Generator :: Loss: [2.4606974, 1.0, 1.0, 0.013740085, 0.023763467, 0.038867608, 0.04679411]
Epoch: 47_500, Discriminator_A :: Loss: 0.5, Generator :: Loss: [0.5551822, 0.0, 0.0, 0.017115936, 0.029616019, 0.043731835, 0.044130858]
Epoch: 47_600, Discriminator_A :: Loss: 0.5, Generator :: Loss: [0.51790303, 0.0, 0.0, 0.021284126, 0.021860717, 0.03784066, 0.048613943]
Epoch: 47_700, Discriminator_A :: Loss: 0.5, Generator :: Loss: [0.59198385, 0.0, 0.0, 0.031617798, 0.018292993, 0.04670585, 0.04617011]
Epoch: 47_800, Discriminator_A :: Loss: 0.5, Generator :: Loss: [0.71235263, 0.0, 0.0, 0.036746003, 0.025663748, 0.038900375, 0.04935482]
Epoch: 47_900, Discriminator_A :: Loss: 0.5, Generator :: Loss: [0.6141902, 0.0, 0.0, 0.027805034, 0.023109764, 0.050417036, 0.054625135]
Epoch: 48_100, Discriminator_A :: Loss: 0.5, Generator :: Loss: [0.5968925, 0.0, 0.0, 0.017114755, 0.031852275, 0.035899945, 0.07132219]
Epoch: 48_200, Discriminator_A :: Loss: 0.5, Generator :: Loss: [0.7266488, 0.0, 0.0, 0.036390897, 0.026088148, 0.05594483, 0.045913592]
Epoch: 48_300, Discriminator_A :: Loss: 0.5, Generator :: Loss: [0.52679414, 0.0, 0.0, 0.016236525, 0.028927784, 0.030772306, 0.0443787]
Epoch: 48_400, Discriminator_A :: Loss: 0.5, Generator :: Loss: [0.5780074, 0.0, 0.0, 0.025058888, 0.023184141, 0.045189578, 0.050387524]
Epoch: 48_500, Discriminator_A :: Loss: 0.5, Generator :: Loss: [0.60352474, 0.0, 0.0, 0.020166643, 0.030844817, 0.03391861, 0.059491515]
Epoch: 48_600, Discriminator_A :: Loss: 0.5, Generator :: Loss: [1.2345372, 0.0, 0.0, 0.048761606, 0.05246054, 0.06614021, 0.15617564]
Epoch: 48_700, Discriminator_A :: Loss: 0.5, Generator :: Loss: [1.3487759, 0.0, 0.0, 0.07401313, 0.043102153, 0.06858453, 0.10903841]
Epoch: 48_800, Discriminator_A :: Loss: 0.5, Generator :: Loss: [1.2401239, 0.0, 0.0, 0.08020903, 0.022645656, 0.08045362, 0.13112344]
Epoch: 48_900, Discriminator_A :: Loss: 0.5, Generator :: Loss: [0.64654696, 0.0, 0.0, 0.026583616, 0.0244939, 0.05720789, 0.0785639]
Epoch: 49_100, Discriminator_A :: Loss: 0.5, Generator :: Loss: [0.5373026, 0.0, 0.0, 0.022090983, 0.018845767, 0.047944058, 0.07999104]
Epoch: 49_200, Discriminator_A :: Loss: 0.5, Generator :: Loss: [0.90313107, 0.0, 0.0, 0.05206287, 0.026985362, 0.04779766, 0.0648511]
Epoch: 49_300, Discriminator_A :: Loss: 0.5, Generator :: Loss: [0.6576851, 0.0, 0.0, 0.036682665, 0.020441651, 0.04046578, 0.04597616]
Epoch: 49_400, Discriminator_A :: Loss: 0.5, Generator :: Loss: [0.83863664, 0.0, 0.0, 0.043779515, 0.025988985, 0.0731581, 0.06779358]
Epoch: 49_500, Discriminator_A :: Loss: 0.5, Generator :: Loss: [0.7785618, 0.0, 0.0, 0.03565818, 0.027872968, 0.07110517, 0.07214508]
Epoch: 49_600, Discriminator_A :: Loss: 0.5, Generator :: Loss: [0.68155956, 0.0, 0.0, 0.039362743, 0.018150017, 0.0542742, 0.052157767]
Epoch: 49_700, Discriminator_A :: Loss: 0.5, Generator :: Loss: [0.68791085, 0.0, 0.0, 0.015942123, 0.041003957, 0.04389204, 0.07455804]
Epoch: 49_800, Discriminator_A :: Loss: 0.5, Generator :: Loss: [0.9477325, 0.0, 0.0, 0.04338252, 0.039690204, 0.0647759, 0.05222941]
Epoch: 49_900, Discriminator_A :: Loss: 0.5, Generator :: Loss: [0.5947482, 0.0, 0.0, 0.031282283, 0.01610922, 0.06402431, 0.056808837]
Epoch: 50_100, Discriminator_A :: Loss: 0.5, Generator :: Loss: [0.73969334, 0.0, 0.0, 0.03642042, 0.02654367, 0.044156477, 0.06589593]
Epoch: 50_200, Discriminator_A :: Loss: 0.5, Generator :: Loss: [0.66385746, 0.0, 0.0, 0.028754631, 0.02536522, 0.063718565, 0.05894044]
Epoch: 50_300, Discriminator_A :: Loss: 0.5, Generator :: Loss: [0.66834056, 0.0, 0.0, 0.031416744, 0.021995297, 0.07229145, 0.0619287]
Epoch: 50_400, Discriminator_A :: Loss: 0.5, Generator :: Loss: [0.7360724, 0.0, 0.0, 0.045601986, 0.015746206, 0.080499664, 0.042090833]
Epoch: 50_500, Discriminator_A :: Loss: 0.5, Generator :: Loss: [0.6371694, 0.0, 0.0, 0.028136376, 0.021154005, 0.09165312, 0.052612502]
Epoch: 50_600, Discriminator_A :: Loss: 0.5, Generator :: Loss: [0.41667017, 0.0, 0.0, 0.022449236, 0.010751672, 0.0544971, 0.030164]
Epoch: 50_700, Discriminator_A :: Loss: 0.5, Generator :: Loss: [0.6823532, 0.0, 0.0, 0.027292274, 0.029385563, 0.062387265, 0.053187508]
Epoch: 50_800, Discriminator_A :: Loss: 0.5, Generator :: Loss: [0.6825111, 0.0, 0.0, 0.027973369, 0.029209897, 0.046196483, 0.064481944]
Epoch: 50_900, Discriminator_A :: Loss: 0.5, Generator :: Loss: [0.44402596, 0.0, 0.0, 0.016906459, 0.019204296, 0.0406012, 0.042317234]
Epoch: 51_100, Discriminator_A :: Loss: 0.5, Generator :: Loss: [0.46834904, 0.0, 0.0, 0.028310211, 0.010178957, 0.057723306, 0.025734022]
Epoch: 51_200, Discriminator_A :: Loss: 0.5, Generator :: Loss: [0.39234552, 0.0, 0.0, 0.0091590835, 0.019133795, 0.06615721, 0.043259524]
Epoch: 51_300, Discriminator_A :: Loss: 0.5, Generator :: Loss: [0.3431534, 0.0, 0.0, 0.017354406, 0.00954371, 0.046729207, 0.027443018]
Epoch: 51_400, Discriminator_A :: Loss: 0.5, Generator :: Loss: [0.43160295, 0.0, 0.0, 0.014255388, 0.018933114, 0.047366213, 0.0523517]
Epoch: 51_500, Discriminator_A :: Loss: 0.5, Generator :: Loss: [0.48823506, 0.0, 0.0, 0.023862645, 0.015483053, 0.06145585, 0.03332223]
Epoch: 51_600, Discriminator_A :: Loss: 0.5, Generator :: Loss: [0.94919723, 0.0, 0.0, 0.034553945, 0.048187234, 0.04904472, 0.072740756]
Epoch: 51_700, Discriminator_A :: Loss: 0.5, Generator :: Loss: [0.45675632, 0.0, 0.0, 0.018347995, 0.0167379, 0.04465931, 0.061238043]
Epoch: 51_800, Discriminator_A :: Loss: 0.5, Generator :: Loss: [0.5655559, 0.0, 0.0, 0.04019579, 0.008148686, 0.060595643, 0.021515498]
Epoch: 51_900, Discriminator_A :: Loss: 0.5, Generator :: Loss: [0.44819215, 0.0, 0.0, 0.011274566, 0.02350936, 0.035050765, 0.0653021]
Epoch: 52_100, Discriminator_A :: Loss: 0.5, Generator :: Loss: [0.88775885, 0.0, 0.0, 0.040570647, 0.031711552, 0.095788814, 0.06914806]
Epoch: 52_200, Discriminator_A :: Loss: 0.5, Generator :: Loss: [2.4317064, 1.0, 1.0, 0.018078448, 0.016818846, 0.05229825, 0.03043522]
Epoch: 52_300, Discriminator_A :: Loss: 0.5, Generator :: Loss: [0.407199, 0.0, 0.0, 0.013973283, 0.01861031, 0.032691836, 0.04867121]
Epoch: 52_400, Discriminator_A :: Loss: 0.5, Generator :: Loss: [0.52813596, 0.0, 0.0, 0.032220267, 0.010954951, 0.072235, 0.02414878]
Epoch: 52_500, Discriminator_A :: Loss: 0.5, Generator :: Loss: [0.48135522, 0.0, 0.0, 0.017986843, 0.021761172, 0.04614072, 0.037734367]
Epoch: 52_600, Discriminator_A :: Loss: 0.5, Generator :: Loss: [0.63527024, 0.0, 0.0, 0.03257358, 0.016840966, 0.072643235, 0.06848158]
Epoch: 52_700, Discriminator_A :: Loss: 0.5, Generator :: Loss: [2.5864143, 1.0, 1.0, 0.03567922, 0.012311193, 0.061937608, 0.044572685]
Epoch: 52_800, Discriminator_A :: Loss: 0.5, Generator :: Loss: [0.5591228, 0.0, 0.0, 0.029771354, 0.016459666, 0.051297154, 0.045515455]
Epoch: 52_900, Discriminator_A :: Loss: 0.5, Generator :: Loss: [0.38649404, 0.0, 0.0, 0.01494904, 0.015639331, 0.038799383, 0.04181096]
